Player,I,R,B,Outs,Avg,SR,HS,4s,6s,50,100
A Bagai,15,343,556,13,26.38,61.69,84,38,0,2,0
A Balbirnie,6,236,260,6,39.33,90.77,97,20,4,2,0
A Codrington,5,28,65,5,5.60,43.08,16,2,0,0,0
A Dutt,9,70,87,6,11.67,80.46,23,1,5,0,0
A Flintoff,12,248,357,12,20.67,69.47,64,20,7,1,0
A Flower,7,332,459,7,47.43,72.33,71,30,1,3,0
A Kumble,2,25,45,1,25.00,55.56,16,1,0,0,0
A Nehra,3,9,9,2,4.50,100.00,8,2,0,0,0
A Nel,2,9,46,2,4.50,19.57,8,1,0,0,0
A Patel,1,25,29,1,25.00,86.21,25,3,0,0,0
A Shahzad,2,7,5,1,7.00,140.00,6,0,1,0,0
A Symonds,13,515,552,5,103.00,93.30,143,51,10,3,1
A Zampa,7,49,63,4,12.25,77.78,29,5,0,0,0
AA Mulla,3,83,101,3,27.67,82.18,58,7,2,1,0
AA Obanda,3,43,65,3,14.33,66.15,23,4,2,0,0
AAP Atkinson,3,37,23,2,18.50,160.87,35,7,0,0,0
AB Agarkar,2,10,27,2,5.00,37.04,10,0,0,0,0
AB de Villiers,22,"1,207","1,029",19,63.53,117.30,162,121,37,6,4
Abdul Razzaq,11,203,273,9,22.56,74.36,62,23,0,1,0
Abdullah Shafique,8,336,361,8,42.00,93.07,113,36,9,3,1
Abdur Razzak,11,44,88,9,4.89,50.00,15,3,0,0,0
Abdur Rehman,2,6,13,1,6.00,46.15,5,0,0,0,0
AC Botha,9,84,174,8,10.50,48.28,28,4,1,0,0
AC Cummins,2,10,11,1,10.00,90.91,9,1,0,0,0
AC Evans,3,38,57,2,19.00,66.67,28,5,0,0,0
AC Gilchrist,21,861,823,20,43.05,104.62,149,114,17,6,1
AD Hales,2,64,67,2,32.00,95.52,37,7,2,0,0
AD Mathews,20,584,699,17,34.35,83.55,113,45,13,2,1
AD Russell,12,192,143,10,19.20,134.27,49,12,15,0,0
Adeel Raja,4,10,34,3,3.33,29.41,8,1,0,0,0
ADR Campbell,1,7,25,1,7.00,28.00,7,0,0,0,0
AF Buurman,2,26,32,2,13.00,81.25,26,4,0,0,0
AF Giles,2,19,30,2,9.50,63.33,17,0,1,0,0
AF Milne,2,1,5,1,1.00,20.00,1,0,0,0,0
AF Sattaur,3,20,60,3,6.67,33.33,13,0,1,0,0
Afsar Zazai,6,36,99,6,6.00,36.36,19,1,0,0,0
Aftab Ahmed,9,128,151,9,14.22,84.77,35,12,3,0,0
Aftab Alam,4,28,24,3,9.33,116.67,14,5,1,0,0
AG Cremer,4,99,144,3,33.00,68.75,37,8,0,0,0
AG Prince,6,107,136,5,21.40,78.68,47,8,1,0,0
Agha Salman,1,51,45,1,51.00,113.33,51,6,1,1,0
Ahmed Shehzad,12,271,404,12,22.58,67.08,93,31,1,2,0
AJ Bichel,3,117,140,1,117.00,83.57,64,10,3,1,0
AJ Burger,6,199,198,6,33.17,100.51,85,25,3,1,0
AJ Finch,18,787,801,18,43.72,98.25,153,73,24,4,3
AJ Hall,5,50,49,3,16.67,102.04,22,3,1,0,0
AJ McKay,1,0,2,1,0.00,0.00,0,0,0,0,0
AJ Stewart,4,136,204,4,34.00,66.67,60,11,1,1,0
AJ Strauss,11,417,483,11,37.91,86.34,158,39,5,1,1
AK Markram,16,546,552,15,36.40,98.91,106,61,10,3,1
Akram Khan,1,13,38,1,13.00,34.21,13,0,0,0,0
AL Phehlukwayo,8,172,193,4,43.00,89.12,46,17,5,0,0
Al Sahariar,5,38,69,5,7.60,55.07,14,5,1,0,0
Alok Kapali,4,62,99,4,15.50,62.63,32,4,1,0,0
AM Blignaut,6,123,89,6,20.50,138.20,58,15,2,2,0
AM Guruge,2,14,26,0,0,53.85,10,1,0,0,0
AM Rahane,7,208,252,6,34.67,82.54,79,21,3,1,0
AM Samad,4,72,133,4,18.00,54.14,36,7,1,0,0
Amjad Ali,6,96,185,6,16.00,51.89,45,11,0,0,0
Amjad Javed,6,170,195,5,34.00,87.18,56,21,4,1,0
AN Kervezee,8,98,180,8,12.25,54.44,18,12,0,0,0
Anamul Haque,2,58,98,2,29.00,59.18,29,5,1,0,0
AO Suji,3,21,45,3,7.00,46.67,14,2,0,0,0
AR Adams,5,90,76,4,22.50,118.42,36,6,6,0,0
AR Berenger,6,53,111,6,8.83,47.75,22,7,0,0,0
AR Caddick,4,25,57,1,25.00,43.86,13,2,0,0,0
AR Cusack,8,99,127,5,19.80,77.95,47,8,1,0,0
AR McBrine,1,2,4,0,0,50.00,2,0,0,0,0
AR Nurse,2,20,26,1,20.00,76.92,19,4,0,0,0
AR White,10,143,210,10,14.30,68.10,38,14,0,0,0
Arafat Sunny,1,3,3,0,0,100.00,3,0,0,0,0
AS Hansra,6,215,373,5,43.00,57.64,70,16,5,2,0
Asad Shafiq,3,154,217,2,77.00,70.97,78,14,0,1,0
Asghar Afghan,11,226,272,11,20.55,83.09,54,19,6,1,0
Asif Ali,2,19,19,2,9.50,100.00,14,0,1,0,0
AT Carey,10,375,362,7,53.57,103.59,85,46,2,3,0
AT Nidamanuru,7,164,167,6,27.33,98.20,54,11,10,1,0
AU Rashid,13,137,128,9,15.22,107.03,25,11,3,0,0
AY Karim,2,0,2,0,0,0.00,0,0,0,0,0
Azhar Mahmood,1,2,21,1,2.00,9.52,2,0,0,0,0
Azmatullah Omarzai,8,353,361,5,70.60,97.78,97,26,13,3,0
B Kumar,2,2,4,2,1.00,50.00,2,0,0,0,0
B Lee,4,28,43,3,9.33,65.12,15,1,2,0,0
B Zuiderent,13,105,235,12,8.75,44.68,43,9,2,0,0
BA Murphy,2,3,11,2,1.50,27.27,2,0,0,0,0
BA Stokes,16,769,840,13,59.15,91.55,108,64,23,7,1
BA Westdijk,2,0,3,2,0.00,0.00,0,0,0,0,0
Babar Azam,17,794,926,15,52.93,85.75,101,82,6,7,1
BAW Mendis,1,0,2,0,0,0.00,0,0,0,0,0
BB McCullum,27,742,614,22,33.73,120.85,101,77,29,6,1
BB Seebaran,2,4,13,1,4.00,30.77,4,0,0,0,0
BC Lara,14,517,636,13,39.77,81.29,116,44,12,2,1
BFW de Leede,9,139,199,9,15.44,69.85,67,15,2,1,0
BJ Haddin,11,458,501,9,50.89,91.42,88,56,9,4,0
BJ Hodge,2,152,117,2,76.00,129.91,123,11,7,0,1
BJ Patel,5,56,116,5,11.20,48.28,32,9,0,0,0
BKG Mendis,16,437,471,16,27.31,92.78,122,35,17,1,1
BL Kotze,4,27,51,3,9.00,52.94,24,3,0,0,0
BMAJ Mendis,5,32,72,4,8.00,44.44,18,2,1,0,0
BO van Rooi,3,26,38,1,26.00,68.42,17,3,0,0,0
BP Kruger,1,8,12,1,8.00,66.67,8,1,0,0,0
BP Loots,2,6,8,2,3.00,75.00,6,0,1,0,0
BRM Taylor,15,690,778,15,46.00,88.69,138,68,14,3,2
C de Grandhomme,8,190,189,8,23.75,100.53,64,16,4,2,0
C Green,3,63,83,3,21.00,75.90,47,6,0,0,0
C Karunaratne,2,8,28,2,4.00,28.57,6,1,0,0,0
C Munro,6,125,128,5,25.00,97.66,58,17,2,1,0
C White,4,79,81,3,26.33,97.53,35,6,0,0,0
CA Ingram,1,46,43,1,46.00,106.98,46,7,0,0,0
CAK Rajitha,4,52,57,4,13.00,91.23,33,6,1,0,0
CB Mpofu,5,7,31,4,1.75,22.58,3,0,0,0,0
CB Wishart,7,293,343,6,48.83,85.42,172,33,3,0,1
CBRLS Kumara,1,4,8,1,4.00,50.00,4,1,0,0,0
CD Collymore,5,22,23,2,11.00,95.65,12,0,2,0,0
CD McMillan,15,353,419,13,27.15,84.25,75,28,12,2,0
CH Gayle,34,"1,186","1,310",33,35.94,90.53,215,116,49,6,2
CH Morris,4,74,61,3,24.67,121.31,42,4,3,0,0
CJ Anderson,8,231,213,7,33.00,108.45,75,22,9,2,0
CJ Chibhabha,7,125,217,7,17.86,57.60,64,19,0,1,0
CJ Jordan,1,0,1,1,0.00,0.00,0,0,0,0,0
CJ Smith,1,0,5,1,0.00,0.00,0,0,0,0,0
CJO Smith,3,85,129,3,28.33,65.89,51,13,0,1,0
CK Coventry,3,18,36,3,6.00,50.00,14,1,1,0,0
CK Kapugedera,2,3,8,2,1.50,37.50,2,0,0,0,0
CK Langeveldt,4,16,57,3,5.33,28.07,9,1,0,0,0
CL Cairns,7,223,273,6,37.17,81.68,54,15,6,1,0
CL Hooper,6,99,124,5,19.80,79.84,45,3,1,0,0
CL White,6,70,113,4,17.50,61.95,22,4,0,0,0
CM Wright,2,5,28,2,2.50,17.86,4,0,0,0,0
CN Ackermann,9,216,263,9,24.00,82.13,69,27,0,1,0
CO Obuya,15,362,528,13,27.85,68.56,98,27,9,2,0
CR Brathwaite,6,154,145,5,30.80,106.21,101,13,8,0,1
CR Ervine,12,390,449,12,32.50,86.86,85,36,8,4,0
CR Woakes,23,355,398,18,19.72,89.20,51,30,5,1,0
CRD Fernando,6,33,42,3,11.00,78.57,13,5,0,0,0
CS MacLeod,6,48,63,6,8.00,76.19,22,8,0,0,0
CT Tremlett,1,3,7,1,3.00,42.86,3,0,0,0,0
CZ Harris,6,116,170,3,38.67,68.24,38,10,0,0,0
D Bishoo,3,6,15,1,6.00,40.00,6,1,0,0,0
D Joseph,3,13,24,0,0,54.17,9,1,0,0,0
D Keulder,6,132,219,6,22.00,60.27,52,11,0,1,0
D Langford-Smith,8,67,72,4,16.75,93.06,18,6,2,0,0
D Madushanka,6,28,67,2,14.00,41.79,19,4,0,0,0
D Mongia,6,120,209,6,20.00,57.42,42,8,1,0,0
D Pretorius,2,3,6,2,1.50,50.00,2,0,0,0,0
D Ramdin,12,191,245,10,19.10,77.96,52,20,0,2,0
DA Gunawardene,2,42,66,2,21.00,63.64,41,2,0,0,0
DA Marillier,4,41,56,4,10.25,73.21,21,4,0,0,0
DA Miller,21,816,720,17,48.00,113.33,138,54,35,1,2
DA Minors,3,48,64,3,16.00,75.00,23,4,2,0,0
DA Warner,29,"1,527","1,505",27,56.56,101.46,178,154,41,5,6
Danish Kaneria,1,6,4,0,0,150.00,6,1,0,0,0
Dawlat Zadran,8,25,73,8,3.12,34.25,9,4,0,0,0
DB Kotze,6,82,135,5,16.40,60.74,27,3,1,0,0
DBL Powell,6,56,52,4,14.00,107.69,48,2,3,0,0
DC Thomas,6,41,76,6,6.83,53.95,15,3,0,0,0
DCC Borden,3,21,74,3,7.00,28.38,13,2,0,0,0
DD Ebrahim,5,79,123,5,15.80,64.23,32,5,0,0,0
DF Watts,2,33,69,2,16.50,47.83,24,2,1,0,0
DJ Bravo,9,169,195,7,24.14,86.67,40,11,5,0,0
DJ Hussey,2,52,34,1,52.00,152.94,38,4,2,0,0
DJ Malan,9,404,400,9,44.89,101.00,140,50,9,2,1
DJ Mitchell,9,552,497,8,69.00,111.07,134,48,22,2,2
DJ Reekers,3,38,33,3,12.67,115.15,25,8,0,0,0
DJ Willey,6,78,67,4,19.50,116.42,16,7,6,0,0
DJG Sammy,11,231,226,11,21.00,102.21,89,21,9,1,0
DL Hemp,3,90,127,2,45.00,70.87,76,10,1,1,0
DL Vettori,17,167,199,11,15.18,83.92,44,20,1,0,0
DLS van Bunge,7,173,294,7,24.71,58.84,62,19,2,1,0
DM Bravo,10,207,293,9,23.00,70.65,73,15,6,1,0
DM de Silva,14,248,358,11,22.55,69.27,34,21,4,0,0
DN Wellalage,3,12,18,3,4.00,66.67,10,1,0,0,0
DO Obuya,10,81,189,9,9.00,42.86,51,6,0,1,0
DP Conway,10,372,366,9,41.33,101.64,152,54,4,0,1
DPMD Jayawardene,30,998,"1,174",27,36.96,85.01,115,83,12,5,4
DR Brown,3,64,102,2,32.00,62.75,45,6,0,0,0
DR Chumney,6,95,162,5,19.00,58.64,28,8,3,0,0
DR Martyn,8,323,395,5,64.60,81.77,88,21,2,4,0
DR Smith,10,142,146,10,14.20,97.26,32,16,6,0,0
DR Tuffey,2,15,16,2,7.50,93.75,11,2,0,0,0
DS Lehmann,8,224,272,5,44.80,82.35,56,20,3,2,0
DS Smith,10,399,536,10,39.90,74.44,107,42,2,3,1
DT Hondo,4,3,26,2,1.50,11.54,2,0,0,0,0
DT Johnston,12,171,190,9,19.00,90.00,30,12,6,0,0
DW Steyn,4,45,73,4,11.25,61.64,20,7,0,0,0
E Chigumbura,13,235,261,10,23.50,90.04,38,20,8,0,0
E Lewis,5,131,161,5,26.20,81.37,70,12,4,2,0
E Otieno,5,13,37,4,3.25,35.14,8,1,0,0,0
E Schiferli,6,75,111,6,12.50,67.57,22,10,1,0,0
EC Joyce,17,574,735,17,33.76,78.10,112,55,7,4,1
EC Rainsford,1,1,1,1,1.00,100.00,1,0,0,0,0
Ehsan Adil,1,15,22,1,15.00,68.18,15,1,0,0,0
Ehsanul Haque,4,28,72,4,7.00,38.89,13,4,0,0,0
EJG Morgan,27,672,792,26,25.85,84.85,148,56,26,3,1
ES Szwarczynski,5,81,151,5,16.20,53.64,28,9,1,0,0
F Behardien,2,74,36,0,0,205.56,64,5,4,1,0
F du Plessis,21,926,"1,070",16,57.88,86.54,109,74,11,7,2
F Kasteni,2,9,24,2,4.50,37.50,9,0,0,0,0
FA Allen,2,51,33,2,25.50,154.55,51,7,1,1,0
Fakhar Zaman,12,406,406,11,36.91,100.00,126,38,21,2,1
Fazalhaq Farooqi,3,2,9,1,2.00,22.22,2,0,0,0,0
FDM Karunaratne,11,274,386,10,27.40,70.98,97,26,0,2,0
FRJ Coleman,3,77,97,3,25.67,79.38,70,7,0,1,0
G Coetzee,4,54,78,4,13.50,69.23,22,4,1,0,0
G Gambhir,9,393,462,9,43.67,85.06,97,37,0,4,0
G Kirsten,6,186,217,3,62.00,85.71,69,24,2,3,0
G Snyman,4,5,9,4,1.25,55.56,5,1,0,0,0
GA Lamb,5,62,86,4,15.50,72.09,18,4,1,0,0
GA Rogers,2,32,49,2,16.00,65.31,26,5,0,0,0
GB Brent,2,12,21,2,6.00,57.14,9,0,1,0,0
GB Hogg,8,87,83,5,17.40,104.82,40,6,3,0,0
GB Murgatroyd,6,90,145,6,15.00,62.07,52,7,1,1,0
GC Smith,20,747,865,19,39.32,86.36,91,84,6,6,0
GC Wilson,10,263,281,10,26.30,93.59,80,28,5,2,0
GD Elliott,8,310,294,7,44.29,105.44,84,29,7,2,0
GD McGrath,1,3,2,0,0,150.00,3,0,0,0,0
GD Phillips,9,285,255,7,40.71,111.76,71,22,14,2,0
GEF Barnett,3,88,129,3,29.33,68.22,41,15,0,0,0
GH Dockrell,9,96,138,6,16.00,69.57,25,8,3,0,0
GJ Bailey,1,55,69,1,55.00,79.71,55,3,0,1,0
GJ Maxwell,25,901,562,19,47.42,160.32,201,94,43,2,3
GJ Whittall,4,59,71,4,14.75,83.10,30,5,1,0,0
GM Hamilton,3,11,44,3,3.67,25.00,4,0,0,0,0
GP Swann,6,60,51,4,15.00,117.65,16,7,1,0,0
GR Codrington,1,7,8,0,0,87.50,7,1,0,0,0
GS Ballance,4,36,71,4,9.00,50.70,10,3,0,0,0
Gulbadin Naib,10,194,244,10,19.40,79.51,47,20,2,0,0
GW Flower,6,177,225,5,35.40,78.67,78,14,2,1,0
H Klaasen,10,373,280,9,41.44,133.21,109,28,19,1,1
H Masakadza,6,122,161,6,20.33,75.78,80,12,2,1,0
H Osinde,5,7,19,4,1.75,36.84,4,0,0,0,0
H Patel,2,85,80,2,42.50,106.25,54,10,4,1,0
HA Varaiya,2,5,23,0,0,21.74,4,0,0,0,0
Habibul Bashar,10,105,238,10,10.50,44.12,32,5,0,0,0
Hamid Hassan,11,53,110,7,7.57,48.18,16,6,1,0,0
Hannan Sarkar,3,34,60,3,11.33,56.67,25,6,0,0,0
Harbhajan Singh,12,93,113,9,10.33,82.30,28,8,3,0,0
Haris Rauf,5,53,45,3,17.67,117.78,35,5,4,0,0
Haris Sohail,11,375,453,11,34.09,82.78,89,33,6,3,0
Hasan Ali,6,63,52,5,12.60,121.15,32,7,4,0,0
Hasan Mahmud,1,15,25,1,15.00,60.00,15,2,0,0,0
Hashmatullah Shahidi,17,507,773,14,36.21,65.59,80,45,4,5,0
Hazratullah Zazai,5,96,102,5,19.20,94.12,34,12,2,0,0
HC Brook,6,169,150,6,28.17,112.67,66,20,5,1,0
HDRL Thirimanne,12,445,519,10,44.50,85.74,139,40,2,3,1
HE van der Dussen,16,759,874,14,54.21,86.84,133,53,18,5,2
HH Dippenaar,3,108,158,3,36.00,68.35,80,9,1,1,0
HH Gibbs,14,726,754,10,72.60,96.29,143,72,24,6,1
HH Pandya,10,237,209,7,33.86,113.40,48,21,5,0,0
HH Streak,6,166,169,4,41.50,98.22,72,15,4,1,0
HJC Mol,3,38,94,3,12.67,40.43,23,4,0,0,0
HJH Marshall,3,81,98,2,40.50,82.65,50,6,1,1,0
HJW Gardiner,3,24,53,3,8.00,45.28,19,3,0,0,0
HK Bennett,1,0,4,1,0.00,0.00,0,0,0,0,0
HK Olonga,1,3,12,1,3.00,25.00,3,0,0,0,0
HM Amla,22,842,"1,012",20,42.10,83.20,159,77,6,5,2
HM Nicholls,4,91,149,4,22.75,61.07,55,8,0,1,0
HMCM Bandara,1,17,19,1,17.00,89.47,17,0,2,0,0
HMRKB Herath,2,17,29,1,17.00,58.62,13,2,0,0,0
HP Tillakaratne,6,178,305,5,35.60,58.36,81,18,0,1,0
HS Baidwan,5,54,79,3,18.00,68.35,17,6,0,0,0
HS Modi,7,101,266,6,16.83,37.97,39,5,0,0,0
I Maraj,6,98,264,5,19.60,37.12,53,12,0,1,0
I Udana,7,45,75,6,7.50,60.00,17,3,1,0,0
I Wardlaw,3,1,5,2,0.50,20.00,1,0,0,0,0
Ibrahim Zadran,9,376,493,8,47.00,76.27,129,39,5,1,1
ID Blackwell,2,38,30,1,38.00,126.67,22,6,0,0,0
IDR Bradshaw,2,26,62,1,26.00,41.94,20,1,0,0,0
Iftikhar Ahmed,8,142,123,6,23.67,115.45,40,11,8,0,0
Iftikhar Anjum,3,51,77,2,25.50,66.23,32,2,2,0,0
IH Romaine,3,11,32,3,3.67,34.38,11,2,0,0,0
IJ Harvey,5,66,86,3,22.00,76.74,28,9,0,0,0
IJL Trott,7,422,522,7,60.29,80.84,92,28,0,5,0
Ikram Alikhil,10,231,347,7,33.00,66.57,86,17,3,2,0
Imad Wasim,5,162,138,3,54.00,117.39,49,20,1,0,0
Imam-ul-Haq,14,467,580,14,33.36,80.52,100,55,1,2,1
Imran Nazir,3,190,175,3,63.33,108.57,160,17,9,0,1
Imran Tahir,8,20,34,4,5.00,58.82,10,1,0,0,0
Imrul Kayes,9,197,312,8,24.62,63.14,73,21,0,2,0
Inzamam-ul-Haq,9,93,145,9,10.33,64.14,37,8,3,0,0
IR Bell,21,718,995,20,35.90,72.16,81,62,2,6,0
IS Billcliff,9,251,413,9,27.89,60.77,71,24,3,2,0
IS Sodhi,1,5,4,1,5.00,125.00,5,1,0,0,0
Ishan Kishan,2,47,48,2,23.50,97.92,47,5,2,0,0
J Botha,4,58,59,3,19.33,98.31,23,5,1,0,0
J Charles,2,58,46,2,29.00,126.09,55,9,2,1,0
J Mubarak,1,0,2,1,0.00,0.00,0,0,0,0,0
J Smits,6,61,150,4,15.25,40.67,26,4,0,0,0
J Srinath,3,1,7,3,0.33,14.29,1,0,0,0,0
JAR Blain,2,41,63,1,41.00,65.08,23,2,2,0,0
Javed Ahmadi,6,97,122,6,16.17,79.51,51,13,0,1,0
Javed Omar,3,55,141,3,18.33,39.01,22,6,0,0,0
JC Archer,6,13,22,4,3.25,59.09,7,1,0,0,0
JC Buttler,23,591,500,22,26.86,118.20,103,50,15,3,1
JC Tredwell,1,9,20,1,9.00,45.00,9,0,0,0,0
JD Ryder,5,184,265,5,36.80,69.43,83,21,0,1,0
JDP Oram,14,259,360,11,23.55,71.94,63,11,8,1,0
JDS Neesham,10,290,341,9,32.22,85.04,97,19,8,2,0
JE Root,25,"1,034","1,173",23,44.96,88.15,121,88,6,6,3
JE Taylor,7,74,89,6,12.33,83.15,15,9,0,0,0
JEC Franklin,8,147,138,4,36.75,106.52,34,9,5,0,0
JF Kloppenburg,5,158,243,5,31.60,65.02,121,11,4,0,1
JF Mooney,13,132,200,10,13.20,66.00,33,15,0,0,0
JH Davey,6,55,88,4,13.75,62.50,26,5,0,0,0
JH Kallis,20,773,976,17,45.47,79.20,128,66,9,5,1
JJ Bumrah,4,19,30,1,19.00,63.33,16,1,0,0,0
JJ Esmeijer,3,3,19,2,1.50,15.79,3,0,0,0,0
JJ Krejza,1,7,19,1,7.00,36.84,7,0,0,0,0
JJ Roy,7,443,384,7,63.29,115.36,153,51,12,4,1
JJ Tucker,3,13,33,3,4.33,39.39,9,2,0,0,0
JK Kamande,6,56,123,6,9.33,45.53,22,5,1,0,0
JL Carter,4,113,160,3,37.67,70.62,50,13,1,1,0
JM Anderson,9,15,42,5,3.00,35.71,8,1,0,0,0
JM Bairstow,20,747,816,20,37.35,91.54,111,95,14,4,2
JM Davison,14,340,308,13,26.15,110.39,111,41,13,2,1
JM How,2,26,76,2,13.00,34.21,22,1,0,0,0
JM Kemp,5,74,149,3,24.67,49.66,49,5,2,0,0
JM Vince,3,40,51,3,13.33,78.43,26,5,0,0,0
JN Gillespie,1,6,4,0,0,150.00,6,1,0,0,0
JN Rhodes,1,2,6,1,2.00,33.33,2,0,0,0,0
JO Angara,1,0,2,0,0,0.00,0,0,0,0,0
JO Holder,10,325,294,10,32.50,110.54,57,28,17,3,0
JO Ngoche,2,10,24,1,10.00,41.67,9,0,1,0,0
JP Behrendorff,3,12,11,2,6.00,109.09,11,0,0,0,0
JP Bray,9,212,338,8,26.50,62.72,115,22,2,0,1
JP Duminy,16,458,461,13,35.23,99.35,115,31,9,1,1
JP Faulkner,4,44,25,3,14.67,176.00,21,6,2,0,0
JP Inglis,8,159,168,8,19.88,94.64,58,17,3,1,0
JP Maher,2,35,60,2,17.50,58.33,26,5,0,0,0
JR Hazlewood,4,4,5,2,2.00,80.00,2,0,0,0,0
JS Patel,2,34,39,1,34.00,87.18,34,2,1,0,0
Junaid Siddique,6,114,159,6,19.00,71.70,37,11,1,0,0
JV Harris,6,91,204,6,15.17,44.61,31,9,1,0,0
JWA Taylor,6,149,168,4,37.25,88.69,98,12,3,1,0
JWM Dalrymple,3,6,22,3,2.00,27.27,3,0,0,0,0
K Rabada,8,83,115,5,16.60,72.17,31,4,3,0,0
K Whatham,1,18,41,1,18.00,43.90,18,2,0,0,0
KA Edwards,1,17,17,1,17.00,100.00,17,1,1,0,0
KA Maharaj,6,59,80,3,19.67,73.75,40,7,1,0,0
KA Pollard,7,190,137,7,27.14,138.69,94,15,11,2,0
KAD Hurdle,3,6,11,2,3.00,54.55,6,0,1,0,0
KAJ Roach,7,47,106,4,11.75,44.34,16,5,1,0,0
Kamran Akmal,10,249,352,9,27.67,70.74,55,34,0,1,0
Kamran Shazad,1,0,3,1,0.00,0.00,0,0,0,0,0
KC Sangakkara,35,"1,532","1,770",27,56.74,86.55,124,147,14,7,5
KD Karthik,2,14,34,2,7.00,41.18,8,2,0,0,0
KD Mills,1,7,3,0,0,233.33,7,1,0,0,0
KED Carroll,1,0,2,1,0.00,0.00,0,0,0,0,0
Khaled Mahmud,2,35,64,2,17.50,54.69,23,2,1,0,0
Khaled Mashud,4,85,196,3,28.33,43.37,35,10,0,0,0
Khurram Chohan,4,39,66,3,13.00,59.09,22,4,1,0,0
Khurram Khan,6,155,212,6,25.83,73.11,45,15,1,0,0
KIC Asalanka,8,288,338,8,36.00,85.21,108,19,11,1,1
KJ Abbott,1,12,19,1,12.00,63.16,12,2,0,0,0
KJ Coetzer,6,253,282,6,42.17,89.72,156,33,4,1,1
KJ O'Brien,20,499,552,18,27.72,90.40,113,48,17,1,1
KJJ van Noortwijk,4,154,160,3,51.33,96.25,134,14,3,0,1
KL Rahul,19,813,964,14,58.07,84.34,111,69,14,4,2
KM Jadhav,4,80,99,2,40.00,80.81,52,6,1,1,0
KMDN Kulasekara,8,94,98,6,15.67,95.92,32,6,3,0,0
KO Otieno,9,182,370,9,20.22,49.19,79,18,4,2,0
KP Pietersen,13,575,684,12,47.92,84.06,104,53,7,4,2
Krishna Chandran,5,38,111,5,7.60,34.23,34,3,0,0,0
KS Williamson,26,"1,167","1,437",19,61.42,81.21,148,116,10,6,2
KT Sandher,1,2,6,1,2.00,33.33,2,0,0,0,0
Kuldeep Yadav,4,20,33,2,10.00,60.61,10,1,0,0,0
KW Richardson,1,1,1,0,0,100.00,1,0,0,0,0
L Klusener,3,91,77,1,91.00,118.18,57,5,6,1,0
L Ngidi,5,18,52,3,6.00,34.62,7,0,1,0,0
L Ronchi,7,73,62,6,12.17,117.74,29,11,1,0,0
L Vincent,6,118,162,6,19.67,72.84,101,11,1,0,1
LD Chandimal,1,52,24,0,0,216.67,52,8,1,1,0
LE Plunkett,7,93,78,2,46.50,119.23,29,8,2,0,0
LH Ferguson,5,11,15,3,3.67,73.33,6,1,1,0,0
Liton Das,14,468,521,13,36.00,89.83,94,48,10,3,0
LJ Burger,6,11,62,5,2.20,17.74,5,1,0,0,0
LJ Woodcock,1,3,3,0,0,100.00,3,0,0,0,0
LJ Wright,2,45,60,1,45.00,75.00,44,5,0,0,0
LL Tsotsobe,1,4,2,0,0,200.00,4,1,0,0,0
LMP Simmons,6,187,197,5,37.40,94.92,102,16,8,1,1
LN Onyango,2,16,35,2,8.00,45.71,10,0,0,0,0
LOB Cann,3,44,40,3,14.67,110.00,28,5,2,0,0
LP van Troost,8,101,149,7,14.43,67.79,26,10,2,0,0
LPC Silva,14,427,562,12,35.58,75.98,64,36,4,5,0
LRPL Taylor,30,"1,002","1,354",27,37.11,74.00,131,76,17,6,1
LS Livingstone,6,60,94,6,10.00,63.83,27,6,0,0,0
LV van Beek,8,140,179,6,23.33,78.21,59,9,3,1,0
M Dillon,3,22,19,3,7.33,115.79,10,1,1,0,0
M Jansen,8,157,142,5,31.40,110.56,75,9,9,1,0
M Kaif,10,182,316,9,20.22,57.59,68,16,1,1,0
M Karg,2,45,65,2,22.50,69.23,41,4,1,0,0
M Labuschagne,10,362,512,9,40.22,70.70,71,31,2,3,0
M Morkel,4,12,33,3,4.00,36.36,6,1,0,0,0
M Muralitharan,9,48,56,6,8.00,85.71,16,5,1,0,0
M Ntini,5,29,28,5,5.80,103.57,14,3,1,0,0
M Pathirana,2,6,19,1,6.00,31.58,5,1,0,0,0
M Theekshana,6,100,185,4,25.00,54.05,38,11,1,0,0
M van Schoor,5,58,111,4,14.50,52.25,24,3,1,0,0
M Zondeki,1,1,1,0,0,100.00,1,0,0,0,0
MA Leask,2,25,18,1,25.00,138.89,23,4,0,0,0
MA Ouma,8,97,220,8,12.12,44.09,58,9,1,1,0
MA Starc,17,155,230,15,10.33,67.39,29,10,3,0,0
MA Suji,6,43,72,3,14.33,59.72,15,1,1,0,0
MA Vermeulen,3,66,133,3,22.00,49.62,39,11,0,0,0
MA Wood,9,96,77,5,19.20,124.68,43,9,5,0,0
MADI Hemantha,2,4,4,1,4.00,100.00,4,1,0,0,0
Mahedi Hasan,3,33,73,2,16.50,45.21,17,2,0,0,0
Mahmudullah,22,944,"1,113",18,52.44,84.82,128,74,25,3,3
Manjural Islam,3,3,15,1,3.00,20.00,3,0,0,0,0
Mashrafe Mortaza,18,199,243,15,13.27,81.89,37,19,7,0,0
MBS Jonkman,1,0,2,1,0.00,0.00,0,0,0,0,0
MC Sorensen,1,22,19,1,22.00,115.79,22,3,1,0,0
MD Shanaka,2,80,80,2,40.00,100.00,68,6,3,1,0
MDKJ Perera,16,449,416,16,28.06,107.93,78,59,5,5,0
ME Trescothick,5,116,150,5,23.20,77.33,58,17,2,1,0
Mehidy Hasan Miraz,14,238,286,12,19.83,83.22,57,25,2,1,0
MEK Hussey,9,156,190,8,19.50,82.11,54,11,1,1,0
MF Maharoof,3,39,36,3,13.00,108.33,25,6,0,0,0
MG Bevan,5,148,264,3,49.33,56.06,74,11,2,2,0
MG Johnson,8,56,39,3,18.67,143.59,27,7,1,0,0
MH Cross,6,88,120,6,14.67,73.33,23,7,1,0,0
MH Yardy,3,19,33,3,6.33,57.58,13,1,0,0,0
Mirwais Ashraf,2,38,47,2,19.00,80.85,28,1,3,0,0
Misbah-ul-Haq,13,598,802,12,49.83,74.56,83,38,10,7,0
MJ Clarke,21,888,943,14,63.43,94.17,93,85,11,8,0
MJ Guptill,27,995,"1,126",23,43.26,88.37,237,109,24,4,2
MJ Henry,9,37,54,7,5.29,68.52,10,3,1,0,0
MJ Mason,1,0,5,1,0.00,0.00,0,0,0,0,0
MJ Prior,6,78,92,5,15.60,84.78,22,9,0,0,0
MJ Santner,15,174,180,7,24.86,96.67,36,10,7,0,0
ML Hayden,21,987,"1,062",19,51.95,92.94,158,106,23,2,3
MM Ali,16,362,376,15,24.13,96.28,128,35,11,0,1
MM Patel,4,26,35,4,6.50,74.29,15,3,0,0,0
MM Sharma,1,0,1,1,0.00,0.00,0,0,0,0,0
MN Samuels,16,460,600,14,32.86,76.67,133,42,12,2,1
MN van Wyk,4,65,88,4,16.25,73.86,42,8,1,0,0
MO Jones,1,1,8,1,1.00,12.50,1,0,0,0,0
MO Odumbe,8,211,204,5,42.20,103.43,52,18,2,1,0
Mohammad Amir,3,11,14,2,5.50,78.57,8,1,0,0,0
Mohammad Ashraful,16,299,399,11,27.18,74.94,87,37,2,2,0
Mohammad Hafeez,18,483,584,17,28.41,82.71,84,57,6,2,0
Mohammad Irfan,3,4,19,0,0,21.05,2,0,0,0,0
Mohammad Mithun,3,47,56,3,15.67,83.93,26,5,1,0,0
Mohammad Nabi,21,252,358,21,12.00,70.39,52,16,5,1,0
Mohammad Naveed,5,73,59,4,18.25,123.73,23,6,5,0,0
Mohammad Nawaz(3),4,81,97,3,27.00,83.51,39,5,3,0,0
Mohammad Rafique,10,102,157,7,14.57,64.97,41,6,4,0,0
Mohammad Rizwan,8,395,414,6,65.83,95.41,131,38,5,1,1
Mohammad Saifuddin,5,87,72,3,29.00,120.83,51,12,1,1,0
Mohammad Sami,2,17,44,2,8.50,38.64,12,1,0,0,0
Mohammad Shahzad,2,7,15,2,3.50,46.67,7,1,0,0,0
Mohammad Tauqir,5,8,43,3,2.67,18.60,3,0,0,0,0
Mohammad Wasim(1),2,23,23,1,23.00,100.00,16,2,2,0,0
Mohammad Yousuf,9,225,334,9,25.00,67.37,58,15,0,1,0
Mohammed Shami,10,20,35,6,3.33,57.14,6,2,0,0,0
Mohammed Siraj,1,9,8,0,0,112.50,9,1,0,0,0
Mominul Haque,2,4,6,2,2.00,66.67,3,0,0,0,0
Mosaddek Hossain,6,117,110,6,19.50,106.36,35,13,0,0,0
MP O'Dowd,9,138,200,9,15.33,69.00,42,22,2,0,0
MP Stoinis,12,174,190,10,17.40,91.58,35,22,4,0,0
MP Vaughan,14,348,490,14,24.86,71.02,79,43,2,3,0
MR Gillespie,1,2,8,1,2.00,25.00,2,0,0,0,0
MR Marsh,13,472,441,12,39.33,107.03,177,46,21,1,2
MS Atapattu,10,382,452,7,54.57,84.51,124,50,0,1,2
MS Chapman,6,84,71,5,16.80,118.31,39,10,1,0,0
MS Dhoni,25,780,867,18,43.33,89.97,91,59,15,5,0
MS Panesar,2,3,30,1,3.00,10.00,2,0,0,0,0
Mudassar Bukhari,6,68,90,5,13.60,75.56,24,4,3,0,0
Mujeeb Ur Rahman,11,79,69,7,11.29,114.49,28,9,3,0,0
Mushfiqur Rahim,37,"1,079","1,359",31,34.81,79.40,102,85,14,8,1
Mustafizur Rahman,9,43,96,7,6.14,44.79,20,4,1,0,0
MV Boucher,11,302,278,9,33.56,108.63,75,21,13,2,0
MW Machan,6,186,230,6,31.00,80.87,56,21,2,1,0
N Boje,2,54,62,1,54.00,87.10,29,6,0,0,0
N Hussain,3,24,42,3,8.00,57.14,15,3,0,0,0
N Ifill,2,16,43,2,8.00,37.21,9,2,0,0,0
N Pooran,8,367,366,7,52.43,100.27,118,33,10,2,1
N Pradeep,3,1,12,2,0.50,8.33,1,0,0,0,0
NA de Groot,6,44,127,6,7.33,34.65,17,6,0,0,0
NA Statham,2,7,44,2,3.50,15.91,7,0,0,0,0
Naeem Islam,5,40,75,5,8.00,53.33,29,4,0,0,0
Najibullah Zadran,16,360,436,15,24.00,82.57,56,38,8,2,0
Najmul Hossain Shant,9,222,289,8,27.75,76.82,90,25,1,2,0
NAM McLean,1,5,7,1,5.00,71.43,5,0,0,0,0
Nasir Aziz,1,60,86,1,60.00,69.77,60,8,0,1,0
Nasir Hossain,2,46,41,2,23.00,112.20,35,6,1,0,0
Nasir Jamal,1,17,52,1,17.00,32.69,17,2,0,0,0
Nasir Jamshed,3,5,23,3,1.67,21.74,4,0,0,0,0
Nasum Ahmed,3,40,48,3,13.33,83.33,19,5,0,0,0
Naved-ul-Hasan,1,11,29,1,11.00,37.93,11,0,0,0,0
Naveen-ul-Haq,5,16,25,4,4.00,64.00,9,2,0,0,0
Nawroz Mangal,6,108,209,6,18.00,51.67,33,7,2,0,0
NFI McCallum,2,25,64,2,12.50,39.06,24,3,1,0,0
NJ Astle,7,213,266,5,42.60,80.08,102,23,0,1,1
NJ O'Brien,21,620,827,19,32.63,74.97,79,57,6,5,0
NL McCullum,6,100,130,6,16.67,76.92,52,6,3,1,0
NLTC Perera,14,167,138,12,13.92,121.01,47,13,5,0,0
NM Coulter-Nile,3,98,72,3,32.67,136.11,92,8,4,1,0
NM Lyon,3,8,10,1,8.00,80.00,5,0,0,0,0
NN Odhiambo,5,56,78,3,18.67,71.79,44,7,0,0,0
NO Miller,2,16,13,0,0,123.08,11,2,0,0,0
Noor Ahmad,1,26,32,1,26.00,81.25,26,4,0,0,0
Noor Ali Zadran,3,63,103,3,21.00,61.17,32,9,0,0,0
NR Kumar,3,10,41,3,3.33,24.39,7,0,0,0,0
NS Poonia,2,1,6,2,0.50,16.67,1,0,0,0,0
NV Knight,5,103,134,5,20.60,76.87,51,13,1,1,0
O Thomas,6,13,47,2,6.50,27.66,6,1,0,0,0
OL Pitcher,3,28,81,3,9.33,34.57,22,2,0,0,0
P Nissanka,9,332,371,8,41.50,89.49,77,44,3,4,0
P Utseya,8,128,196,6,21.33,65.31,36,9,1,0,0
PA de Silva,8,267,299,8,33.38,89.30,92,27,7,2,0
PA Nixon,8,193,194,5,38.60,99.48,42,17,5,0,0
PA van Meekeren,8,26,54,6,4.33,48.15,7,3,0,0,0
PD Collingwood,18,474,604,12,39.50,78.48,90,37,6,3,0
PG Fulton,8,297,424,8,37.12,70.05,83,29,2,2,0
PG Gillespie,1,2,8,1,2.00,25.00,2,0,0,0,0
PHT Kaushal,1,0,1,1,0.00,0.00,0,0,0,0,0
PJ Cummins,17,186,284,11,16.91,65.49,37,17,5,0,0
PJ Ongondo,12,97,136,11,8.82,71.32,24,6,2,0,0
PJC Hoffmann,2,25,19,2,12.50,131.58,18,4,1,0,0
PJK Mooney,1,0,1,1,0.00,0.00,0,0,0,0,0
PL Mommsen,6,148,194,6,24.67,76.29,60,16,1,1,0
PM Seelaar,4,3,17,3,1.00,17.65,2,0,0,0,0
PP Chawla,1,2,4,1,2.00,50.00,2,0,0,0,0
PR Stirling,12,316,287,12,26.33,110.10,101,40,8,1,1
PSP Handscomb,1,4,12,1,4.00,33.33,4,0,0,0,0
PT Collins,1,1,1,0,0,100.00,1,0,0,0,0
PVD Chameera,6,20,53,4,5.00,37.74,12,1,0,0,0
PW Borren,8,199,216,7,28.43,92.13,84,22,3,1,0
PW Gunaratne,1,15,15,0,0,100.00,15,3,0,0,0
Q de Kock,27,"1,044","1,081",25,41.76,96.58,174,112,25,4,4
Qaiser Ali,1,6,16,1,6.00,37.50,6,1,0,0,0
R Ashwin,6,40,61,1,40.00,65.57,16,1,0,0,0
R Dravid,13,399,608,7,57.00,65.62,62,27,2,3,0
R Gunasekera,5,53,124,5,10.60,42.74,24,5,0,0,0
R Klein,1,8,15,1,8.00,53.33,8,0,0,0,0
R Rampaul,2,1,9,2,0.50,11.11,1,0,0,0,0
R Ravindra,10,578,543,9,64.22,106.45,123,55,17,2,3
R Walters,2,0,5,2,0.00,0.00,0,0,0,0,0
RA Jadeja,11,254,236,8,31.75,107.63,77,19,7,1,0
Rahat Ali,2,7,27,1,7.00,25.93,6,0,0,0,0
Rahmanullah Gurbaz,9,280,283,9,31.11,98.94,80,31,9,2,0
Rahmat Shah,18,574,809,17,33.76,70.95,77,59,3,4,0
RAP Nissanka,2,2,27,2,1.00,7.41,2,0,0,0,0
Raqibul Hasan,4,70,116,3,23.33,60.34,38,1,1,0,0
RAS Lakmal,4,34,50,1,34.00,68.00,15,3,0,0,0
Rashid Khan,15,210,215,14,15.00,97.67,35,18,9,0,0
Rashid Latif,5,122,107,4,30.50,114.02,36,9,3,0,0
RC Irani,2,12,9,2,6.00,133.33,12,2,0,0,0
RD Berrington,6,139,183,6,23.17,75.96,50,9,5,1,0
RD Jacobs,4,65,92,2,32.50,70.65,50,3,1,1,0
RD Shah,12,346,564,12,28.83,61.35,71,42,2,3,0
RDM Leverock,2,10,39,2,5.00,25.64,9,1,0,0,0
RE van der Merwe,8,68,85,8,8.50,80.00,29,4,3,0,0
RG Sharma,28,"1,575","1,493",26,60.58,105.49,140,166,54,6,7
RH Scholte,3,16,56,3,5.33,28.57,8,0,0,0,0
Rizwan Cheema,6,76,72,6,12.67,105.56,37,9,4,0,0
RJ Peterson,6,55,53,2,27.50,103.77,22,8,1,0,0
RJ van Vuuren,5,26,38,3,8.67,68.42,14,2,1,0,0
RJW Topley,2,16,9,0,0,177.78,15,3,0,0,0
RL Powell,5,113,72,4,28.25,156.94,50,10,6,1,0
RM Haq,7,82,150,7,11.71,54.67,31,11,0,0,0
RML Taylor,3,7,18,3,2.33,38.89,4,0,0,0,0
RN ten Doeschate,9,435,492,7,62.14,88.41,119,47,7,3,2
Rohan Mustafa,4,8,29,4,2.00,27.59,4,0,0,0,0
RP Arnold,17,210,314,10,21.00,66.88,50,11,0,1,0
RP Lefebvre,5,57,85,3,19.00,67.06,30,6,1,0,0
RR Hendricks,2,97,94,2,48.50,103.19,85,10,3,1,0
RR Pant,4,116,130,4,29.00,89.23,48,15,1,0,0
RR Patel,4,46,73,3,15.33,63.01,24,5,0,0,0
RR Rossouw,5,210,180,4,52.50,116.67,61,23,5,2,0
RR Sarwan,20,739,974,16,46.19,75.87,92,71,10,3,0
RR Watson,3,53,107,3,17.67,49.53,31,7,0,0,0
RS Bopara,12,306,427,9,34.00,71.66,60,25,2,2,0
RT Ponting,25,"1,160","1,321",22,52.73,87.81,140,97,25,5,4
Rubel Hossain,8,20,40,3,6.67,50.00,9,3,0,0,0
RV Uthappa,3,30,48,3,10.00,62.50,18,4,0,0,0
RW Chakabva,9,114,205,9,12.67,55.61,35,9,0,0,0
RW Price,4,37,59,2,18.50,62.71,11,4,0,0,0
S Chanderpaul,18,625,"1,024",16,39.06,61.04,102,47,13,4,1
S Dhaniram,3,81,87,1,81.00,93.10,34,7,2,0,0
S Dhawan,10,537,570,10,53.70,94.21,137,65,9,1,3
S Matsikenyeri,5,127,154,3,42.33,82.47,73,16,1,1,0
S Mukuddem,1,0,4,1,0.00,0.00,0,0,0,0,0
S Prasanna,2,12,16,2,6.00,75.00,9,1,0,0,0
S Samarawickrama,9,373,365,7,53.29,102.19,108,36,4,2,1
S Thuraisingam,3,25,39,3,8.33,64.10,13,3,1,0,0
SA Edwards,9,259,298,7,37.00,86.91,78,23,3,2,0
SA Engelbrecht,8,300,450,8,37.50,66.67,70,25,3,2,0
SA Yadav,7,106,105,6,17.67,100.95,49,12,1,0,0
Sabbir Rahman,8,218,222,7,31.14,98.20,53,23,5,1,0
Saeed Ajmal,2,1,10,1,1.00,10.00,1,0,0,0,0
Saeed Anwar,5,218,303,4,54.50,71.95,101,19,1,0,1
Saleem Elahi,4,102,150,4,25.50,68.00,63,9,0,1,0
Samiullah Shinwari,9,328,536,7,46.86,61.19,96,26,7,2,0
Sanwar Hossain,5,47,58,4,11.75,81.03,25,4,0,0,0
Saqib Zulfiqar,2,13,33,2,6.50,39.39,10,1,0,0,0
Saqlain Haider,1,7,12,1,7.00,58.33,7,1,0,0,0
Saqlain Mushtaq,3,16,37,1,16.00,43.24,12,2,0,0,0
Sarfaraz Ahmed,11,303,353,7,43.29,85.84,101,22,3,1,1
Saud Shakeel,7,241,246,7,34.43,97.97,68,30,1,2,0
Sayed Shirzad,1,25,17,1,25.00,147.06,25,2,2,0,0
SB Styris,22,909,"1,026",17,53.47,88.60,141,69,17,6,2
SC Ganguly,14,627,831,11,57.00,75.45,112,41,17,2,3
SC Williams,11,492,486,9,54.67,101.23,96,43,8,5,0
SCJ Broad,6,18,28,4,4.50,64.29,9,0,1,0,0
SD Hope,8,274,389,8,34.25,70.44,96,21,3,3,0
SD Outerbridge,2,9,20,2,4.50,45.00,9,1,0,0,0
SE Bond,4,7,25,2,3.50,28.00,3,0,0,0,0
SE Marsh,2,26,35,2,13.00,74.29,23,2,0,0,0
SF Burger,2,11,20,2,5.50,55.00,6,1,0,0,0
SF Mire,5,64,104,5,12.80,61.54,27,4,2,0,0
Shadab Khan,11,164,159,8,20.50,103.14,43,11,4,0,0
Shafiqullah,1,30,64,1,30.00,46.88,30,1,0,0,0
Shafiul Islam,5,26,50,4,6.50,52.00,24,4,1,0,0
Shahadat Hossain,1,0,2,0,0,0.00,0,0,0,0,0
Shaheen Shah Afridi,7,56,66,4,14.00,84.85,25,7,1,0,0
Shahid Afridi,17,232,185,16,14.50,125.41,28,22,9,0,0
Shahriar Nafees,8,73,148,8,9.12,49.32,37,7,1,0,0
Shaiman Anwar,6,311,340,6,51.83,91.47,106,34,4,2,1
Shakib Al Hasan,36,"1,332","1,619",32,41.62,82.27,124,128,12,11,2
Shapoor Zadran,5,17,21,0,0,80.95,12,2,0,0,0
Shariz Ahmad,1,6,8,1,6.00,75.00,6,0,0,0,0
Shoaib Akhtar,5,72,53,2,36.00,135.85,43,5,4,0,0
Shoaib Malik,6,100,122,6,16.67,81.97,62,10,2,1,0
Shoriful Islam,5,28,28,1,28.00,100.00,12,3,1,0,0
Shubman Gill,9,354,331,8,44.25,106.95,92,41,12,4,0
SI Mahmood,3,2,5,2,1.00,40.00,2,0,0,0,0
Sikandar Raza,6,125,126,6,20.83,99.21,46,15,4,0,0
SJ Benn,7,26,42,5,5.20,61.90,9,3,0,0,0
SJ Swanepoel,5,43,95,5,8.60,45.26,23,4,0,0,0
SK Raina,9,358,333,6,59.67,107.51,110,30,9,2,1
SL Malinga,13,33,59,11,3.00,55.93,10,2,2,0,0
SM Curran,3,35,57,3,11.67,61.40,14,1,0,0,0
SM Ervine,2,43,33,1,43.00,130.30,31,5,1,0,0
SM Pollock,9,134,167,8,16.75,80.24,32,4,3,0,0
SMSM Senanayake,1,7,8,1,7.00,87.50,7,1,0,0,0
SO Hetmyer,8,257,253,7,36.71,101.58,54,25,6,2,0
SO Ngoche,3,0,3,3,0.00,0.00,0,0,0,0,0
SO Tikolo,17,405,636,16,25.31,63.68,76,43,3,4,0
Sohaib Maqsood,6,153,176,6,25.50,86.93,50,12,3,1,0
Sohail Khan,5,21,42,4,5.25,50.00,7,1,0,0,0
Soumya Sarkar,14,341,362,14,24.36,94.20,51,47,5,1,0
SP Fleming,18,674,783,16,42.12,86.08,134,91,11,3,2
SP Patil,6,140,253,5,28.00,55.34,57,12,0,1,0
SPD Smith,30,"1,136","1,304",27,42.07,87.12,105,104,9,10,1
SR Tendulkar,23,"1,219","1,336",22,55.41,91.24,152,131,17,9,3
SR Thompson,2,14,17,2,7.00,82.35,12,1,0,0,0
SR Waters,4,38,90,4,9.50,42.22,17,3,0,0,0
SR Watson,19,643,595,12,53.58,108.07,94,67,17,6,0
SS Cottrell,5,33,47,4,8.25,70.21,15,3,1,0,0
SS Iyer,11,530,468,8,66.25,113.25,128,37,24,3,2
ST Finn,3,2,15,2,1.00,13.33,1,0,0,0,0
ST Gabriel,2,3,10,1,3.00,30.00,3,0,0,0,0
ST Jayasuriya,21,788,895,18,43.78,88.04,120,78,16,4,3
SW Ambris,2,36,46,2,18.00,78.26,31,3,0,0,0
SW Tait,1,0,1,0,0,0.00,0,0,0,0,0
Syed Rasel,4,16,34,4,4.00,47.06,10,2,0,0,0
T Bavuma,8,145,197,8,18.12,73.60,35,18,3,0,0
T Duffin,1,12,22,1,12.00,54.55,12,2,0,0,0
T Mishra,8,170,260,7,24.29,65.38,72,16,1,2,0
T Mupariwa,4,19,14,3,6.33,135.71,18,2,1,0,0
T Panyangara,7,33,64,6,5.50,51.56,10,3,0,0,0
T Shamsi,3,9,15,0,0,60.00,4,1,0,0,0
T Taibu,12,306,443,10,30.60,69.07,98,24,1,3,0
TA Boult,10,31,47,2,15.50,65.96,10,2,1,0,0
Talha Jubair,1,4,8,0,0,50.00,4,1,0,0,0
TAM Siriwardana,1,3,4,1,3.00,75.00,3,0,0,0,0
Tamim Iqbal,29,718,982,29,24.76,73.12,95,83,4,4,0
Tanzid Hasan,9,145,152,9,16.11,95.39,51,22,3,1,0
Tanzim Hasan Sakib,1,5,6,0,0,83.33,5,1,0,0,0
Tapash Baisya,2,5,27,2,2.50,18.52,5,0,0,0,0
Taskin Ahmed,7,50,97,6,8.33,51.55,17,1,3,0,0
Taufeeq Umar,3,91,146,3,30.33,62.33,48,14,0,0,0
TBM de Leede,8,133,239,7,19.00,55.65,58,11,2,1,0
TG Gordon,4,23,53,4,5.75,43.40,9,2,0,0,0
TG Southee,9,60,76,7,8.57,78.95,12,4,2,0,0
TJ Friend,1,21,20,1,21.00,105.00,21,4,0,0,0
TL Chatara,4,23,35,3,7.67,65.71,16,2,0,0,0
TLW Cooper,6,174,259,5,34.80,67.18,55,18,0,1,0
TM Dilshan,25,"1,112","1,196",21,52.95,92.98,161,122,9,4,4
TM Head,6,329,258,6,54.83,127.52,137,37,13,1,2
TM Odoyo,14,304,478,12,25.33,63.60,51,32,4,1,0
TN de Grooth,5,50,88,5,10.00,56.82,28,3,0,0,0
Towhid Hridoy,6,164,210,5,32.80,78.10,74,7,5,1,0
TP Kamungozi,1,6,9,0,0,66.67,6,1,0,0,0
TT Bresnan,5,41,50,4,10.25,82.00,20,2,1,0,0
TT Samaraweera,7,110,149,3,36.67,73.83,34,11,0,0,0
Tushar Imran,2,9,27,1,9.00,33.33,9,0,0,0,0
TWM Latham,17,310,386,14,22.14,80.31,68,20,4,3,0
U Bhatti,2,11,30,2,5.50,36.67,10,1,0,0,0
Umar Akmal,13,404,480,11,36.73,84.17,71,38,7,2,0
Umar Gul,6,49,52,4,12.25,94.23,34,5,1,0,0
Usama Mir,1,0,3,1,0.00,0.00,0,0,0,0,0
Usman Ghani,2,12,22,2,6.00,54.55,12,0,0,0,0
UT Khawaja,9,316,358,9,35.11,88.27,89,30,1,2,0
UT Yadav,1,0,5,1,0.00,0.00,0,0,0,0,0
V Kohli,37,"1,795","2,035",30,59.83,88.21,117,159,14,12,5
V Sehwag,22,843,794,22,38.32,106.17,175,109,18,3,2
V Shankar,3,58,75,2,29.00,77.33,29,6,0,0,0
V Sibanda,5,134,163,5,26.80,82.21,67,17,1,2,0
VC Drakes,4,42,70,2,21.00,60.00,25,2,0,0,0
VD Philander,2,10,8,1,10.00,125.00,10,1,0,0,0
Vikramjit Singh,6,98,150,6,16.33,65.33,52,12,1,1,0
W Barresi,10,236,344,10,23.60,68.60,44,29,3,0,0
WA Young,6,206,246,6,34.33,83.74,70,23,6,2,0
Wahab Riaz,14,179,171,11,16.27,104.68,54,15,8,1,0
Waqar Younis,4,17,23,4,4.25,73.91,8,1,0,0,0
Wasim Akram,5,71,69,3,23.67,102.90,33,10,1,0,0
WB Rankin,8,24,70,2,12.00,34.29,7,1,0,0,0
WD Balaji Rao,5,22,41,5,4.40,53.66,9,2,0,0,0
WD Parnell,2,17,29,1,17.00,58.62,17,1,0,0,0
WF Stelling,1,1,4,0,0,25.00,1,0,0,0,0
WIA Fernando,4,203,192,4,50.75,105.73,104,23,4,0,1
WK McCallan,8,33,75,7,4.71,44.00,20,2,0,0,0
WPUJC Vaas,12,136,200,7,19.43,68.00,28,10,2,0,0
WTS Porterfield,21,627,"1,058",21,29.86,59.26,107,50,4,4,1
WU Tharanga,21,697,923,19,36.68,75.51,133,79,4,4,2
WW Hinds,6,108,134,6,18.00,80.60,64,16,3,1,0
XJ Doherty,1,0,1,0,0,0.00,0,0,0,0,0
Yasir Shah,1,13,23,1,13.00,56.52,13,1,0,0,0
YK Pathan,6,74,64,5,14.80,115.62,30,5,5,0,0
Younis Khan,17,349,493,16,21.81,70.79,72,23,1,2,0
YS Chahal,1,5,5,1,5.00,100.00,5,1,0,0,0
Yuvraj Singh,21,738,817,14,52.71,90.33,113,68,13,7,1
Z Khan,10,52,70,9,5.78,74.29,15,6,0,0,0
ZE Surkari,6,104,231,6,17.33,45.02,34,7,0,0,0
